filename,label
001.jpg,awake
002.jpg,awake
003.jpg,awake
004.jpg,awake
005.jpg,awake
006.jpg,awake
007.jpg,awake
008.jpg,awake
009.jpg,awake
010.jpg,awake
011.jpg,awake
012.jpg,awake
013.jpg,awake
014.jpg,awake
015.jpg,awake
016.jpg,awake
017.jpg,awake
018.jpg,awake
019.jpg,awake
020.jpg,awake
021.jpg,awake
022.jpg,drowsy
023.jpg,drowsy
024.jpg,drowsy
025.jpg,drowsy
026.jpg,drowsy
027.jpg,drowsy
028.jpg,drowsy
029.jpg,drowsy
030.jpg,drowsy
031.jpg,drowsy
032.jpg,drowsy
033.jpg,drowsy
034.jpg,drowsy
035.jpg,drowsy
036.jpg,drowsy
037.jpg,drowsy
038.jpg,drowsy
039.jpg,drowsy
040.jpg,drowsy
041.jpg,drowsy
042.jpg,drowsy
043.jpg,drowsy
044.jpg,drowsy
045.jpg,drowsy
046.jpg,drowsy
047.jpg,drowsy
048.jpg,drowsy
049.jpg,drowsy
050.jpg,drowsy
051.jpg,awake
052.jpg,awake
053.jpg,awake
054.jpg,awake
055.jpg,awake
056.jpg,awake
057.jpg,awake
058.jpg,awake
059.jpg,awake
060.jpg,awake
061.jpg,awake
062.jpg,awake
063.jpg,awake
064.jpg,awake
065.jpg,drowsy
066.jpg,awake
067.jpg,awake
068.jpg,awake
069.jpg,awake
070.jpg,awake
071.jpg,awake
072.jpg,awake
073.jpg,awake
074.jpg,awake
075.jpg,awake
076.jpg,awake
077.jpg,awake
078.jpg,awake
079.jpg,awake
080.jpg,awake
081.jpg,awake
082.jpg,awake
083.jpg,awake
084.jpg,awake
085.jpg,drowsy
086.jpg,drowsy
087.jpg,drowsy
088.jpg,awake
089.jpg,awake
090.jpg,awake
091.jpg,drowsy
092.jpg,drowsy
093.jpg,drowsy
094.jpg,drowsy
095.jpg,drowsy
096.jpg,drowsy
097.jpg,drowsy
098.jpg,drowsy
099.jpg,drowsy
100.jpg,awake
101.jpg,awake
102.jpg,awake
103.jpg,awake
104.jpg,awake
105.jpg,awake
106.jpg,awake
107.jpg,awake
108.jpg,awake
109.jpg,drowsy
110.jpg,drowsy
111.jpg,drowsy
112.jpg,drowsy
113.jpg,drowsy
114.jpg,drowsy
115.jpg,drowsy
116.jpg,drowsy
117.jpg,drowsy
118.jpg,drowsy
119.jpg,drowsy
120.jpg,drowsy
121.jpg,drowsy
122.jpg,drowsy
123.jpg,drowsy
124.jpg,drowsy
125.jpg,drowsy
126.jpg,drowsy
127.jpg,drowsy
128.jpg,drowsy
129.jpg,drowsy
130.jpg,drowsy
131.jpg,drowsy
132.jpg,drowsy
133.jpg,drowsy
134.jpg,drowsy
135.jpg,drowsy
136.jpg,drowsy
137.jpg,drowsy
138.jpg,drowsy
139.jpg,drowsy
140.jpg,drowsy
141.jpg,drowsy
142.jpg,drowsy
143.jpg,drowsy
144.jpg,drowsy
145.jpg,drowsy
146.jpg,drowsy
147.jpg,drowsy
148.jpg,drowsy
149.jpg,drowsy
150.jpg,drowsy
151.jpg,drowsy
152.jpg,drowsy
153.jpg,drowsy
154.jpg,drowsy
155.jpg,drowsy
156.jpg,drowsy
157.jpg,drowsy
158.jpg,drowsy
159.jpg,drowsy
160.jpg,drowsy
161.jpg,drowsy
162.jpg,drowsy
163.jpg,drowsy
164.jpg,drowsy
165.jpg,drowsy
166.jpg,drowsy
167.jpg,drowsy
168.jpg,drowsy
169.jpg,drowsy
170.jpg,drowsy
171.jpg,drowsy
172.jpg,awake
173.jpg,awake
174.jpg,awake
175.jpg,awake
176.jpg,awake
177.jpg,awake
178.jpg,awake
179.jpg,awake
180.jpg,awake
181.jpg,awake
182.jpg,awake
183.jpg,awake
184.jpg,awake
185.jpg,awake
186.jpg,awake
187.jpg,awake
188.jpg,awake
189.jpg,awake
190.jpg,awake
191.jpg,awake
192.jpg,awake
193.jpg,awake
194.jpg,awake
195.jpg,awake
196.jpg,awake
197.jpg,awake
198.jpg,awake
199.jpg,awake
200.jpg,awake
201.jpg,awake
202.jpg,drowsy
203.jpg,drowsy
204.jpg,drowsy
205.jpg,drowsy
206.jpg,drowsy
207.jpg,drowsy
208.jpg,drowsy
209.jpg,drowsy
300.jpg,drowsy
301.jpg,drowsy
302.jpg,drowsy
303.jpg,drowsy
304.jpg,drowsy
305.jpg,drowsy
306.jpg,drowsy
307.jpg,drowsy
308.jpg,drowsy
309.jpg,drowsy
310.jpg,drowsy
311.jpg,drowsy
312.jpg,drowsy
313.jpg,awake
314.jpg,awake
315.jpg,awake
316.jpg,awake
317.jpg,awake
318.jpg,awake
319.jpg,awake
320.jpg,awake
321.jpg,awake
322.jpg,drowsy
323.jpg,drowsy
324.jpg,drowsy
325.jpg,drowsy
326.jpg,drowsy
327.jpg,drowsy
328.jpg,drowsy
329.jpg,drowsy
330.jpg,drowsy
331.jpg,drowsy
332.jpg,drowsy
333.jpg,drowsy
334.jpg,drowsy
335.jpg,drowsy
336.jpg,drowsy
337.jpg,awake
338.jpg,awake
339.jpg,awake
340.jpg,awake
341.jpg,awake
342.jpg,awake
343.jpg,awake
344.jpg,awake
345.jpg,awake
346.jpg,awake
347.jpg,awake
348.jpg,awake
349.jpg,awake
350.jpg,awake
351.jpg,awake
352.jpg,drowsy
353.jpg,drowsy
354.jpg,drowsy
355.jpg,drowsy
356.jpg,drowsy
357.jpg,drowsy
358.jpg,drowsy
359.jpg,drowsy
360.jpg,drowsy
361.jpg,awake
362.jpg,awake
363.jpg,awake
364.jpg,awake
365.jpg,awake
366.jpg,awake
367.jpg,awake
368.jpg,awake
369.jpg,awake
370.jpg,awake
371.jpg,awake
372.jpg,awake
373.jpg,awake
374.jpg,awake
375.jpg,awake
376.jpg,awake
377.jpg,awake
378.jpg,awake
379.jpg,awake
380.jpg,awake
381.jpg,awake
382.jpg,awake
383.jpg,awake
384.jpg,awake
385.jpg,awake
386.jpg,awake
387.jpg,awake
388.jpg,awake
389.jpg,awake
390.jpg,awake
391.jpg,drowsy
392.jpg,drowsy
393.jpg,drowsy
394.jpg,drowsy
395.jpg,drowsy
396.jpg,drowsy
397.jpg,drowsy
398.jpg,drowsy
399.jpg,drowsy
400.jpg,drowsy
401.jpg,drowsy
402.jpg,drowsy
403.jpg,drowsy
404.jpg,drowsy
405.jpg,drowsy
406.jpg,drowsy
407.jpg,drowsy
408.jpg,drowsy
409.jpg,drowsy
410.jpg,drowsy
411.jpg,drowsy
412.jpg,drowsy
413.jpg,drowsy
414.jpg,drowsy
415.jpg,awake
416.jpg,awake
417.jpg,awake
418.jpg,awake
419.jpg,awake
420.jpg,awake
421.jpg,awake
422.jpg,awake
423.jpg,awake
424.jpg,awake
425.jpg,drowsy
426.jpg,drowsy
427.jpg,awake
428.jpg,awake
429.jpg,awake
430.jpg,awake
431.jpg,awake
GOPR0492_MP4-168_jpg.rf.dbfabdafc0947ffaa0bf21f54c9fbd1a.jpg,awake
GOPR0492_MP4-169_jpg.rf.05cc2600489096fb4af9a7b12ff99cbe.jpg,awake
GOPR0492_MP4-169_jpg.rf.709ff1a12ef84fb2dd4b68b067a9d241.jpg,awake
GOPR0492_MP4-169_jpg.rf.ec7b4f9f2929f6beda66d19cfbfb43d2.jpg,awake
GOPR0492_MP4-171_jpg.rf.152b7e66f05af7bee871c03edfe95ad2.jpg,awake
GOPR0492_MP4-171_jpg.rf.191712ac6d12c6323dae85eea3fe80e3.jpg,awake
GOPR0492_MP4-171_jpg.rf.8193fbf86917f8fbf0a90161afa5eefe.jpg,awake
GOPR0492_MP4-172_jpg.rf.18c85747878b64c84de88a1d223f4ed6.jpg,awake
GOPR0492_MP4-172_jpg.rf.35b0c13abeb2b574f0c0db09cf34dd30.jpg,awake
GOPR0492_MP4-172_jpg.rf.a26187d129049d01005ad2ae8a002baf.jpg,awake
GOPR0492_MP4-173_jpg.rf.103090d0a205d23eb868ab719413713c.jpg,drowsy
GOPR0492_MP4-173_jpg.rf.c70c8e7e3433e1a6b74606511b86447a.jpg,drowsy
GOPR0492_MP4-173_jpg.rf.c768043f43cdad02f3299a202f20a92e.jpg,drowsy
GOPR0492_MP4-174_jpg.rf.31baf5502dbc4418a33cb3ffdfb9a4c0.jpg,awake
GOPR0492_MP4-174_jpg.rf.6319245744ac8511bee26d1ef1ba686c.jpg,awake
GOPR0492_MP4-174_jpg.rf.9af23a4a57248c7a5c228e4dd9120e54.jpg,awake
GOPR0492_MP4-177_jpg.rf.025a5aff8f3cc824f4c2a8a317538024.jpg,awake
GOPR0492_MP4-177_jpg.rf.be32fe44d661d4d2a7838bd87f70990d.jpg,awake
GOPR0492_MP4-177_jpg.rf.edb7f0f27a4cb913fa284dd4497f95a0.jpg,awake
GOPR0492_MP4-179_jpg.rf.006a991743b90904b0c6913c9d49d16a.jpg,drowsy
GOPR0492_MP4-179_jpg.rf.1cb5a4b3777bc77234b616c4e2d3642d.jpg,drowsy
GOPR0492_MP4-179_jpg.rf.c618f06c724b67fa1e9278f90e6604ce.jpg,drowsy
GOPR0492_MP4-180_jpg.rf.0e1ad3998ad6c81b756534d4d43b8b5c.jpg,awake
GOPR0492_MP4-180_jpg.rf.1a96f873ea5fb33895bed22754c32fd1.jpg,awake
GOPR0492_MP4-180_jpg.rf.a12aeb90ffd54250219d4c6ed6fb6140.jpg,awake
GOPR0492_MP4-181_jpg.rf.859ce6666a0c3f6d1df399a2881d693b.jpg,awake
GOPR0492_MP4-181_jpg.rf.cf74091a98640f2a9d21923584033236.jpg,awake
GOPR0492_MP4-181_jpg.rf.f9f6a6afd757f0631501f24b3df7e684.jpg,awake
GOPR0492_MP4-183_jpg.rf.16535e85e856488d253c54f4c1bb8796.jpg,awake
GOPR0492_MP4-183_jpg.rf.647396c870f3f69442764dade8a1fe72.jpg,awake
GOPR0492_MP4-183_jpg.rf.e874609fb3a609d7766b990f6d206a26.jpg,awake
GOPR0492_MP4-184_jpg.rf.22f63cc6a9565e6cdda15d718337834c.jpg,awake
GOPR0492_MP4-184_jpg.rf.9e1b20b24e8dff5fb413998b9d0b91e5.jpg,awake
GOPR0492_MP4-184_jpg.rf.ebc7c81b69a894649cd55e0049a5ab47.jpg,awake
GOPR0492_MP4-185_jpg.rf.4772f0253a7d2de74c8d1b391c10d85e.jpg,awake
GOPR0492_MP4-185_jpg.rf.83cd9affa132286d3328a75549a19e19.jpg,awake
GOPR0492_MP4-185_jpg.rf.ca82f42c1305055d0b1764866d2e0604.jpg,awake
GOPR0492_MP4-187_jpg.rf.0cf5e059026f72dea2cca5488a300d44.jpg,awake
GOPR0492_MP4-187_jpg.rf.5328e8937dd8b35f171cfaf158603f28.jpg,awake
GOPR0492_MP4-187_jpg.rf.8e2bda19a06821a8d0ae227a3c8e4f2d.jpg,awake
GOPR0492_MP4-188_jpg.rf.3a8a45e077674159c1ceb3f9cba55a09.jpg,awake
GOPR0492_MP4-188_jpg.rf.5ef373ec2998b25698d517b421244693.jpg,awake
GOPR0492_MP4-188_jpg.rf.a308d869fe2f6e38180838c688a2a083.jpg,awake
GOPR0492_MP4-189_jpg.rf.62e0f933dde7e9f5ad1f4fb48409c475.jpg,awake
GOPR0492_MP4-189_jpg.rf.e5743bd5ddfc9537205ab37be9621f3b.jpg,awake
GOPR0492_MP4-189_jpg.rf.fca41d00ce836b7d9077ddefdeafc7fd.jpg,drowsy
GOPR0492_MP4-190_jpg.rf.7ab51d3fac2ec009996272de46c80009.jpg,drowsy
GOPR0492_MP4-190_jpg.rf.a9e45ac6ff9470be847ea965a7d623c5.jpg,drowsy
GOPR0492_MP4-190_jpg.rf.d2cf70422beeab82818288a7b8f15b91.jpg,drowsy
GOPR0492_MP4-191_jpg.rf.138d65d00638ea40e3b9f52934057f7b.jpg,drowsy
GOPR0492_MP4-191_jpg.rf.7cc10008620ab6868985d854ddca224c.jpg,drowsy
GOPR0492_MP4-191_jpg.rf.ace683a506ac9a1a48bfd9d09f67596a.jpg,drowsy
GOPR0492_MP4-194_jpg.rf.5670518dc091fb3c3e4c7dd15a956c07.jpg,drowsy
GOPR0492_MP4-194_jpg.rf.90a4cb5008585be1868a170a0c452343.jpg,drowsy
GOPR0492_MP4-194_jpg.rf.ba2233ff47ab92125afcddadf46fe6d7.jpg,drowsy
GOPR0492_MP4-195_jpg.rf.4585c5b873a6b5a9b43fe30fc5e0dc08.jpg,drowsy
GOPR0492_MP4-195_jpg.rf.bf8a8cbe014c889a952b2dbd18862282.jpg,drowsy
GOPR0492_MP4-195_jpg.rf.df0a32fe441fbbd25604c184d2fa5fea.jpg,drowsy
GOPR0492_MP4-196_jpg.rf.03ad4a5fd345cbf3ff6d9a5d48083cee.jpg,drowsy
GOPR0492_MP4-196_jpg.rf.1422260bdbddebda2002d409cc1396a4.jpg,drowsy
GOPR0492_MP4-196_jpg.rf.eb90181a30f10cdf6c1c7f3c241555a3.jpg,drowsy
GOPR0492_MP4-197_jpg.rf.00f41221740fe3c98e6bd6b8a77cff5b.jpg,drowsy
GOPR0492_MP4-197_jpg.rf.1a899a4685b4c293101e12023a47ce29.jpg,drowsy
GOPR0492_MP4-197_jpg.rf.6ca6559144495b337e0e63654c3803ff.jpg,drowsy
GOPR0492_MP4-198_jpg.rf.3500e677ed37301c3c0f205b11f72b7c.jpg,awake
GOPR0492_MP4-198_jpg.rf.de7e3722a98fe45be14fc233d0b72368.jpg,awake
GOPR0492_MP4-198_jpg.rf.f326df43096ffeff03c7f22f3752fed0.jpg,awake
GOPR0492_MP4-199_jpg.rf.1ca54b0adf117d4709589e81f555f1a6.jpg,awake
GOPR0492_MP4-199_jpg.rf.9a2e793be8df69986909b4715cdea062.jpg,awake
GOPR0492_MP4-199_jpg.rf.c45c12a25c1d6d4bc01a85932892ce88.jpg,awake
GOPR0492_MP4-200_jpg.rf.003cf0e9e4317cf0d12570ab2d5f625a.jpg,awake
GOPR0492_MP4-200_jpg.rf.bf90f26467e6f87b826f2a3d92c8480b.jpg,awake
GOPR0492_MP4-200_jpg.rf.db94ad5539b726e4c9a3d6d65249fd8f.jpg,awake
GOPR0492_MP4-201_jpg.rf.2a63c0a1936329050f158b1f21b216e8.jpg,awake
GOPR0492_MP4-201_jpg.rf.6b4dd23dcaa9b101df0d0439f2b9c813.jpg,awake
GOPR0492_MP4-201_jpg.rf.b8c58064dbdd49778a66f83b3d38ccdb.jpg,awake
GOPR0492_MP4-202_jpg.rf.585ce8d64feb9c40c2b7046b712ec942.jpg,awake
GOPR0492_MP4-202_jpg.rf.75919d81fa57c08699ef3f70182a004a.jpg,awake
GOPR0492_MP4-202_jpg.rf.cc030a0c9f93454d3f16ade4b7e6b7e0.jpg,awake
GOPR0492_MP4-204_jpg.rf.07c14ef479a492414b1e1631dc512bd6.jpg,awake
GOPR0492_MP4-204_jpg.rf.713ce2f29473f33ef5204e4cd24e69ea.jpg,awake
GOPR0492_MP4-204_jpg.rf.81e7a5b5da637f549745ad7ea44f1153.jpg,awake
GOPR0492_MP4-206_jpg.rf.03635bc6611ea7fbf41388fb9105ecce.jpg,awake
GOPR0492_MP4-206_jpg.rf.18f6b39524f0e97c52caa9a0bfe6b839.jpg,awake
GOPR0492_MP4-206_jpg.rf.c8553698148514c17112ae3bf9ad73dc.jpg,awake
GOPR0492_MP4-208_jpg.rf.68ec660bd3425c6696dec33a4f852861.jpg,awake
GOPR0492_MP4-208_jpg.rf.85ac9121516060992d7ec2a40553f974.jpg,awake
GOPR0492_MP4-208_jpg.rf.ab331943e964a94bd21e5b4676254f11.jpg,awake
GOPR0492_MP4-209_jpg.rf.2a520f08629565eb88e799542ebef9b2.jpg,awake
GOPR0492_MP4-209_jpg.rf.a1260cf99812ab774bcb0b38a9d8556b.jpg,awake
GOPR0492_MP4-209_jpg.rf.cb889051c23d100218741a3eacfd6891.jpg,awake
GOPR0492_MP4-210_jpg.rf.6143156a12ef995b5c450c9a5d927c97.jpg,awake
GOPR0492_MP4-210_jpg.rf.891df7fec13f612883db5b4cfc7c31fb.jpg,awake
GOPR0492_MP4-210_jpg.rf.e50af1676377264e8908966542c1d1aa.jpg,awake
GOPR0492_MP4-211_jpg.rf.0a0053f0bdd91218dadc72d9668c521c.jpg,awake
GOPR0492_MP4-211_jpg.rf.197a2b82a4a5e72cba6e179a7fcdd19a.jpg,awake
GOPR0492_MP4-211_jpg.rf.cd0a8fcf430b06f9d5492d88d40e7784.jpg,awake
GOPR0492_MP4-215_jpg.rf.36a8a9e6dbdf5088b8a71c257f81babf.jpg,awake
GOPR0492_MP4-215_jpg.rf.6403b10ed136e30af4efcf19719a32fe.jpg,awake
GOPR0492_MP4-215_jpg.rf.886d02aafd6838af8c0e0a0324cee35f.jpg,awake
GOPR0492_MP4-216_jpg.rf.3f830424146e7d69f90bf6e1cd2cea18.jpg,drowsy
GOPR0492_MP4-216_jpg.rf.6f4b1ce7d83545ee09be6ea8e6a88638.jpg,drowsy
GOPR0492_MP4-216_jpg.rf.dd5f0a0bec043fdfcf164e4cdf06867c.jpg,drowsy
GOPR0492_MP4-217_jpg.rf.a0924b186b907ff31ae2b450a3e948fb.jpg,drowsy
GOPR0492_MP4-217_jpg.rf.a22966f550cdca99197b1184fb4c3cea.jpg,drowsy
GOPR0492_MP4-217_jpg.rf.b1f0f505d9d763326b43a8ee20c44bd6.jpg,drowsy
GOPR0492_MP4-220_jpg.rf.4533b0e847bdabfb7f15052df3450d2b.jpg,awake
GOPR0492_MP4-220_jpg.rf.6bbd244e6d6044389ba9d1511df9be83.jpg,awake
GOPR0492_MP4-220_jpg.rf.fe945aaf7a93c14a4a0284b6aa746436.jpg,awake
GOPR0492_MP4-221_jpg.rf.12c8ab38acb54d85e27e6f2d6ddb887a.jpg,awake
GOPR0492_MP4-221_jpg.rf.52e4bfea33957e5a7d9fe6f9fd5a025e.jpg,awake
GOPR0492_MP4-221_jpg.rf.a26895b391bd62d1c08bd33ed4484d3b.jpg,awake
GOPR0492_MP4-222_jpg.rf.ba951ed963d59219fdf99fa0613cbe9f.jpg,awake
GOPR0492_MP4-222_jpg.rf.babb8fde7aaa859090bc014a6f2604f8.jpg,awake
GOPR0492_MP4-222_jpg.rf.c29bcf1780a049c63dcb8822e30e256b.jpg,awake
GOPR0492_MP4-224_jpg.rf.7fc30367c813fa75a88b3822d3888063.jpg,awake
GOPR0492_MP4-224_jpg.rf.92283f064f9a84151e408514294f8489.jpg,awake
GOPR0492_MP4-224_jpg.rf.a74d609d20a40a6517e412e8f98615f6.jpg,awake
GOPR0492_MP4-225_jpg.rf.4bc5feafd0e63da724f3108331a02cef.jpg,awake
GOPR0492_MP4-225_jpg.rf.6db1911d108a2b608582a8ec65f48927.jpg,awake
GOPR0492_MP4-225_jpg.rf.87afa906f967bb47401379325178759e.jpg,awake
GOPR0492_MP4-226_jpg.rf.1947d47ad93db8cac54f8ac8090062f0.jpg,drowsy
GOPR0492_MP4-226_jpg.rf.1e1631b3106f3e6df196eea03cbc29aa.jpg,drowsy
GOPR0492_MP4-226_jpg.rf.c67984ed44870e733b922465a61ba0a4.jpg,drowsy
GOPR0492_MP4-227_jpg.rf.40bc008326e028c18ef394d978cfb6c5.jpg,drowsy
GOPR0492_MP4-227_jpg.rf.baaa04e6e335f5463fb9021d46e11c1b.jpg,drowsy
GOPR0492_MP4-227_jpg.rf.eff99e6f690764c075c3ec602636d701.jpg,drowsy
GOPR0492_MP4-229_jpg.rf.176e2fbd4f41bfe5e6fcf028a52d7922.jpg,drowsy
GOPR0492_MP4-229_jpg.rf.1af9b686aeb9f16ae7fd145a6a803262.jpg,drowsy
GOPR0492_MP4-229_jpg.rf.dafd5603a201e803c5676d04f697a372.jpg,drowsy
GOPR0492_MP4-231_jpg.rf.3d32f07f15c1e33897518a060f738aac.jpg,drowsy
GOPR0492_MP4-231_jpg.rf.8860e9d468f263280e87d4ffd7713af2.jpg,drowsy
GOPR0492_MP4-231_jpg.rf.ecbd1dce2eb9f9ae557d875580d3e016.jpg,drowsy
GOPR0492_MP4-232_jpg.rf.0a09a47afc5583aa0f36d27b041db324.jpg,drowsy
GOPR0492_MP4-232_jpg.rf.9e177a27e19b7e4a66f3e313a5d4a236.jpg,drowsy
GOPR0492_MP4-232_jpg.rf.afa254b337aca2af1dd8c8e43bec148a.jpg,drowsy
GOPR0492_MP4-233_jpg.rf.83af1d80566f0df2a76fdfee9580284c.jpg,drowsy
GOPR0492_MP4-233_jpg.rf.bc02067d0d96a3a03ae3f5cf8b78b98c.jpg,drowsy
GOPR0492_MP4-233_jpg.rf.c8e2bfc651b332762ad7815816f296e9.jpg,drowsy
GOPR0492_MP4-234_jpg.rf.5c42412fdae718c087097bf4bc23b12e.jpg,drowsy
GOPR0492_MP4-234_jpg.rf.a96723aaeb838a6cb7c6d4346c7daedf.jpg,drowsy
GOPR0492_MP4-234_jpg.rf.a9e780a520357ca40864f198ce309cae.jpg,drowsy
GOPR0492_MP4-235_jpg.rf.4aec1fd5a097c8454e6c8a9648ca4cbe.jpg,drowsy
GOPR0492_MP4-235_jpg.rf.b5d55bf24e82f7d440621b94479867f8.jpg,drowsy
GOPR0492_MP4-235_jpg.rf.eb29c609429036fd9bf8cc60011e0019.jpg,drowsy
GOPR0492_MP4-236_jpg.rf.22ab9ed20471ddfb4f150970f6663f8b.jpg,drowsy
GOPR0492_MP4-236_jpg.rf.2fff9bb9d6c640578b2fe4d86b39f80b.jpg,drowsy
GOPR0492_MP4-236_jpg.rf.93202363bfac84ffdbb5ffaea98c8901.jpg,drowsy
GOPR0492_MP4-239_jpg.rf.31004b79488b1bdc304d000c43f60793.jpg,drowsy
GOPR0492_MP4-239_jpg.rf.5700bf925f5dfd3ce8c16fb20314bdbf.jpg,drowsy
GOPR0492_MP4-239_jpg.rf.575c2f02c323b1d3797e9c18f21a9524.jpg,drowsy
GOPR0492_MP4-240_jpg.rf.c09afd7843b8cc05bf67b251ebbf717f.jpg,drowsy
GOPR0492_MP4-240_jpg.rf.c3cc3e58c2d78bb1d6e6411e9ca9c29a.jpg,drowsy
GOPR0492_MP4-240_jpg.rf.eb42af4b567c2161a12214449b711618.jpg,drowsy
GOPR0492_MP4-241_jpg.rf.167e5d0d48233f6e0e70b928946c99e1.jpg,drowsy
GOPR0492_MP4-241_jpg.rf.bcfc9d4619979f615a065ffa85ff3903.jpg,drowsy
GOPR0492_MP4-241_jpg.rf.fc56d4ec0ecb1a7e2498fbc32784334b.jpg,drowsy
GOPR0492_MP4-242_jpg.rf.4ee9c6f07246b5acdaf8ae76efad99a6.jpg,drowsy
GOPR0492_MP4-242_jpg.rf.6845ed9dc3efcc5414454e12d5f30430.jpg,drowsy
GOPR0492_MP4-242_jpg.rf.d731cafca6654690819c007a219c632d.jpg,drowsy
GOPR0492_MP4-244_jpg.rf.82dfed5d4a5440ffa7f62fe02329d6bc.jpg,drowsy
GOPR0492_MP4-244_jpg.rf.aae45214fa41b56885659704de0b1534.jpg,drowsy
GOPR0492_MP4-244_jpg.rf.ffdd09d7879e2c6792493a7c64e15f5a.jpg,drowsy
GOPR0492_MP4-245_jpg.rf.22eae36c349d3668109cf0740d33ccd7.jpg,drowsy
GOPR0492_MP4-245_jpg.rf.58d509f06224b6be1c213040ba2d9bb9.jpg,drowsy
GOPR0492_MP4-245_jpg.rf.e6475794b57539642d1854e8ef688d90.jpg,drowsy
GOPR0492_MP4-246_jpg.rf.0af6eb78525524169085fa8a0d1bf5db.jpg,drowsy
GOPR0492_MP4-246_jpg.rf.83d340ff93d5925cad7b836450f45d1a.jpg,drowsy
GOPR0492_MP4-246_jpg.rf.cb8701a5386bd4567ea5c005cc97accd.jpg,drowsy
GOPR0492_MP4-247_jpg.rf.5d5e407d50ba941c716d6aec094aa5e4.jpg,drowsy
GOPR0492_MP4-247_jpg.rf.bb99e9110e7296773b7962f1918651d6.jpg,drowsy
GOPR0492_MP4-247_jpg.rf.c4c047bfea11e23f698f683a5ee88a04.jpg,drowsy
GOPR0492_MP4-249_jpg.rf.2c245d8d58dd5b8ad56905535693f47b.jpg,drowsy
GOPR0492_MP4-249_jpg.rf.b015db7293528f0e1c17b7ee9aacc061.jpg,drowsy
GOPR0492_MP4-249_jpg.rf.be3b655a7b867c2f75213af04eb0d47f.jpg,drowsy
GOPR0492_MP4-250_jpg.rf.241029238a6cb0ee4ce3a629415ee3b0.jpg,drowsy
GOPR0492_MP4-250_jpg.rf.eb4f223c044a5bf2c4818f26abc19668.jpg,drowsy
GOPR0492_MP4-250_jpg.rf.f719594d0c6a5c9eb19fa2995c25ea62.jpg,drowsy
GOPR0492_MP4-251_jpg.rf.5532873ddabe189d49cddc65b63378c2.jpg,drowsy
GOPR0492_MP4-251_jpg.rf.6285320e4f3f80a050659d8fef6f1a3c.jpg,drowsy
GOPR0492_MP4-251_jpg.rf.f1553e3b8df7e5852bc0eacb0078a5f2.jpg,drowsy
GOPR0492_MP4-252_jpg.rf.41f0d9fc14c60770ec748f97493fc42b.jpg,drowsy
GOPR0492_MP4-252_jpg.rf.65021a98936deec801c87df28a46cb12.jpg,drowsy
GOPR0492_MP4-252_jpg.rf.a2d3ac5665e27484af9d0eae9815a838.jpg,drowsy
GOPR0492_MP4-254_jpg.rf.764a82b097058ec36402ddeeeab8b1e5.jpg,awake
GOPR0492_MP4-254_jpg.rf.8420dccfe381f8b67f234aa57cf50cb8.jpg,awake
GOPR0492_MP4-254_jpg.rf.b9ede7f52fb3a37ae8f9e20aff9bd173.jpg,awake
GOPR0492_MP4-255_jpg.rf.582de0e24427b4e8ee549c8f460e10eb.jpg,drowsy
GOPR0492_MP4-255_jpg.rf.d2318d7b6d142ee57996be368ff3fd75.jpg,drowsy
GOPR0492_MP4-255_jpg.rf.f9770baced22d4fe836917a79f9c6592.jpg,drowsy
GOPR0492_MP4-262_jpg.rf.2817db291275f7b77790fd33b2b9e324.jpg,drowsy
GOPR0492_MP4-262_jpg.rf.554425b250b5b999028ecdad552c8c70.jpg,drowsy
GOPR0492_MP4-262_jpg.rf.96b4bae1d450fbf62a3169ac65103a33.jpg,drowsy
GOPR0492_MP4-266_jpg.rf.64b4752fffd9e925faea44aaba60539c.jpg,drowsy
GOPR0492_MP4-266_jpg.rf.994e5834fea0cd2f1cb7149c1826de22.jpg,drowsy
GOPR0492_MP4-266_jpg.rf.f3ba064218eb7d5be06684b849ccf946.jpg,drowsy
GOPR0492_MP4-267_jpg.rf.52a3b7ebc9c8e0d834cbee8da013785d.jpg,awake
GOPR0492_MP4-267_jpg.rf.9d62aa80954c07da8a8fbca9ee677560.jpg,awake
GOPR0492_MP4-267_jpg.rf.f7233e1b7745770b02ac5ec18fb97ce4.jpg,awake
GOPR0492_MP4-268_jpg.rf.0d5f47243adf3331cbcf834cfe0bb2eb.jpg,awake
GOPR0492_MP4-268_jpg.rf.1776daede430bc3cbde46622e256f63c.jpg,awake
GOPR0492_MP4-268_jpg.rf.e5c05791c11d4e46c2924dd9eb1d7182.jpg,awake
GOPR0492_MP4-271_jpg.rf.0af20348b1e3ead430a459ad50c704b3.jpg,awake
GOPR0492_MP4-271_jpg.rf.9c14a330006cdcf2cabbbd2fc2d5fa57.jpg,awake
GOPR0492_MP4-271_jpg.rf.fd4591292b7916ca5dbe0f9ede12b2a1.jpg,awake
GOPR0492_MP4-274_jpg.rf.0b1085300156e3de0e6590d261071421.jpg,drowsy
GOPR0492_MP4-274_jpg.rf.9db57576dd72a19cd433e806db59348e.jpg,drowsy
GOPR0492_MP4-274_jpg.rf.aa250293a4471279e96f6f499b8a6f87.jpg,drowsy
GOPR0492_MP4-275_jpg.rf.506b2eefd05439583c743cdbcc28baa9.jpg,drowsy
GOPR0492_MP4-275_jpg.rf.59874d60c08f7de2a3ea4f591627507c.jpg,drowsy
GOPR0492_MP4-275_jpg.rf.5da2d552c4213f434b76a1cff2226718.jpg,drowsy
GOPR0492_MP4-277_jpg.rf.0232b94414c8f5eb93409665e88849af.jpg,drowsy
GOPR0492_MP4-277_jpg.rf.7c5d339a127e43b9764b95a9a87b70dc.jpg,drowsy
GOPR0492_MP4-277_jpg.rf.a3a4f720c9ab482e7983c0a1221f8071.jpg,drowsy
GOPR0492_MP4-278_jpg.rf.0eac873b784e6d81866b910f6ae38609.jpg,drowsy
GOPR0492_MP4-278_jpg.rf.25c5a1897ba80706b0b9b67b894486db.jpg,drowsy
GOPR0492_MP4-278_jpg.rf.92644f7bfd6658cc5495ba2fd2070fe4.jpg,drowsy
GOPR0492_MP4-279_jpg.rf.47f781d33cecedce100b5eb6325247f2.jpg,drowsy
GOPR0492_MP4-279_jpg.rf.7abead72a52a1a6e26e573929f439896.jpg,drowsy
GOPR0492_MP4-279_jpg.rf.8c32f4d10bdb27df3810702c0a2f7607.jpg,drowsy
GOPR0492_MP4-280_jpg.rf.2d2207358a53e14675738de38be21b54.jpg,drowsy
GOPR0492_MP4-280_jpg.rf.4d01c1d1acfada203b542a7f0dfb3e97.jpg,drowsy
GOPR0492_MP4-280_jpg.rf.d97ad0b0e28609372085ef1a3e42069b.jpg,drowsy
GOPR0492_MP4-281_jpg.rf.58f57840f3df5c72a0249a7ab05fab80.jpg,drowsy
GOPR0492_MP4-281_jpg.rf.6cc020b0719fd652379271559473c292.jpg,drowsy
GOPR0492_MP4-281_jpg.rf.d18f11eb662f5a711afc07d800c1cc54.jpg,drowsy
GOPR0492_MP4-282_jpg.rf.238e5b336b29e7debafd032307612b4c.jpg,drowsy
GOPR0492_MP4-282_jpg.rf.728cef654dd5e7932ebe41508b986be4.jpg,drowsy
GOPR0492_MP4-282_jpg.rf.9cabfcd298d6406830fc03622cfe83c4.jpg,drowsy
GOPR0492_MP4-283_jpg.rf.058a0b5387a8642b7c4cc3c5ade67d07.jpg,drowsy
GOPR0492_MP4-283_jpg.rf.8aac6fffbd8d8f887761826abc8d141b.jpg,drowsy
GOPR0492_MP4-283_jpg.rf.d56b9f38d414f50b25745031e117f801.jpg,drowsy
GOPR0492_MP4-285_jpg.rf.0dcf3710c70bda150ba8666b7f148ea8.jpg,drowsy
GOPR0492_MP4-285_jpg.rf.8f5a97e20e500b7723e96a91a1fb7959.jpg,drowsy
GOPR0492_MP4-285_jpg.rf.f12f3300b4087c148212ae8c6ce10f3b.jpg,drowsy
GOPR0492_MP4-289_jpg.rf.80731fc42ee537a89a2fed525e77b0ed.jpg,drowsy
GOPR0492_MP4-289_jpg.rf.a3f1a6ccda566077260eba91133a5a83.jpg,drowsy
GOPR0492_MP4-289_jpg.rf.ebbd1c955684dc9d3dc09a4faa0174e4.jpg,drowsy
GOPR0492_MP4-291_jpg.rf.c167c1b1ce49f627ef5f9a4dd620176d.jpg,drowsy
GOPR0492_MP4-291_jpg.rf.d9638ca05d512806025c5ef1c2d96153.jpg,drowsy
GOPR0492_MP4-291_jpg.rf.fb7aa1cec6ca98ffe70379f588cf5abd.jpg,drowsy
GOPR0492_MP4-292_jpg.rf.87076ac39813969e183c01f92a16a744.jpg,drowsy
GOPR0492_MP4-292_jpg.rf.bab72bccb29afd8ad4d62523b6c3e595.jpg,drowsy
GOPR0492_MP4-292_jpg.rf.ca82477e757108ff51f8943ab57c34f8.jpg,drowsy
GOPR0492_MP4-293_jpg.rf.5a66a5144bcc28458f4ecfb14c8efbc0.jpg,drowsy
GOPR0492_MP4-293_jpg.rf.c05d9a8a7c3e4bc10d3b587c0b74c8dc.jpg,drowsy
GOPR0492_MP4-293_jpg.rf.c3a3b9e2f0f961c44f2f76455d88c512.jpg,drowsy
GOPR0492_MP4-294_jpg.rf.7ce8fe88d3f1f18189012ae38c07d1d2.jpg,drowsy
GOPR0492_MP4-294_jpg.rf.db95222882f420223317f156b4f9ee4f.jpg,drowsy
GOPR0492_MP4-294_jpg.rf.e4e9de39078b77f8e8875afe178b18b3.jpg,drowsy
GOPR0492_MP4-296_jpg.rf.4f6a0d11dd5df4207292a82b5ce399c0.jpg,drowsy
GOPR0492_MP4-296_jpg.rf.6878729e7b02363ed387850fed6dc612.jpg,drowsy
GOPR0492_MP4-296_jpg.rf.d4329215780deaaa3bc4a155849389a1.jpg,drowsy
GOPR0492_MP4-297_jpg.rf.17f72e3bb2e30428dcfee945cff4808f.jpg,drowsy
GOPR0492_MP4-297_jpg.rf.c90297cf64fce0cfd47e32154e9b91f2.jpg,drowsy
GOPR0492_MP4-297_jpg.rf.e2ebde1b46c1e0979032d9434f23b5e8.jpg,drowsy
GOPR0492_MP4-299_jpg.rf.43c5df5d95c460cf5252d7c7e0c58348.jpg,drowsy
GOPR0492_MP4-299_jpg.rf.8a03801b38539c6452464bed73fb6d9d.jpg,drowsy
GOPR0492_MP4-299_jpg.rf.92b8969c811144d3ed00e2f2988b63ce.jpg,drowsy
GOPR0492_MP4-300_jpg.rf.63b421f1622bb05019c0a8f36621da42.jpg,drowsy
GOPR0492_MP4-300_jpg.rf.6bc74fbb91f6586bdab6f3fcc7068bfd.jpg,drowsy
GOPR0492_MP4-300_jpg.rf.7e9cff242e86ac6978df427786727735.jpg,drowsy
GOPR0492_MP4-302_jpg.rf.05e6cfaa9b0eb147249a6e1369f27cf5.jpg,drowsy
GOPR0492_MP4-302_jpg.rf.164263e1d2884857f91e8c27f4034d5a.jpg,drowsy
GOPR0492_MP4-302_jpg.rf.f54feb56f1e509f99a847cb4c31d0e61.jpg,drowsy
GOPR0492_MP4-303_jpg.rf.320a91f171bc8063f2f7720b017fd61c.jpg,drowsy
GOPR0492_MP4-303_jpg.rf.3adc5690ef0f80fdd5aab7d9806ae87c.jpg,drowsy
GOPR0492_MP4-303_jpg.rf.6f02f153930ccd0026ad5f58d963af61.jpg,drowsy
GOPR0492_MP4-305_jpg.rf.4dd0c2e2cc76bf6ca90131a5bcc622da.jpg,drowsy
GOPR0492_MP4-305_jpg.rf.4e29e673d0ebca7c733f59a6c5fd28b0.jpg,drowsy
GOPR0492_MP4-305_jpg.rf.fef0c818ea94802a47809b4ed8dac9b6.jpg,drowsy
GOPR0492_MP4-308_jpg.rf.44699e188488b469e7c496d83b99b158.jpg,drowsy
GOPR0492_MP4-308_jpg.rf.fed068a84fd9753e25b952460809650d.jpg,drowsy
GOPR0492_MP4-308_jpg.rf.ff63d43d61c1ab330eb43315c7a4b035.jpg,drowsy
GOPR0492_MP4-309_jpg.rf.6a1b1768f482a3b1a0ed09f4faf2a0ff.jpg,drowsy
GOPR0492_MP4-309_jpg.rf.8b749c7d03b728448ada6c06cc8b7ecc.jpg,drowsy
GOPR0492_MP4-309_jpg.rf.cc288fa18e0b7c08667d4d25d5c3f382.jpg,drowsy
GOPR0492_MP4-312_jpg.rf.5309f04500329e4403ab808724db04cb.jpg,drowsy
GOPR0492_MP4-312_jpg.rf.8ec506392522bd521ef016174cbaa0a6.jpg,drowsy
GOPR0492_MP4-312_jpg.rf.dfcfcc2e4607f46f71de587df63b8a0c.jpg,drowsy
GOPR0492_MP4-313_jpg.rf.73cb9db8f2f832aaf44208677294c2e3.jpg,drowsy
GOPR0492_MP4-313_jpg.rf.8450e31de20b508c6203130b5855b9cc.jpg,drowsy
GOPR0492_MP4-313_jpg.rf.eb1e7fa182fcaab2aa6d684e2e3e1d5a.jpg,drowsy
GOPR0492_MP4-316_jpg.rf.082e36e0daa8bd89c5cf585c007794e1.jpg,drowsy
GOPR0492_MP4-316_jpg.rf.b14f8790039c32236037d4e63157f8f6.jpg,drowsy
GOPR0492_MP4-316_jpg.rf.c6944a672570e5e31fcc29b109832939.jpg,drowsy
GOPR0492_MP4-317_jpg.rf.5c56976a64a4f48d3e097782353cde27.jpg,drowsy
GOPR0492_MP4-317_jpg.rf.6eca1473f770f56397d36b2f929319e3.jpg,drowsy
GOPR0492_MP4-317_jpg.rf.8265f4fca38e388e9d9bca11a81cdd16.jpg,drowsy
GOPR0492_MP4-318_jpg.rf.7a5980a48bddc90ad83ad24b5ba0e42a.jpg,drowsy
GOPR0492_MP4-318_jpg.rf.cc16a49b8355675ecd0a7f900738957e.jpg,drowsy
GOPR0492_MP4-318_jpg.rf.e95f051df14c7ca29fb15408f35dbaf2.jpg,drowsy
GOPR0492_MP4-319_jpg.rf.0d71afde9020d4fe2f5e12b47319df35.jpg,drowsy
GOPR0492_MP4-319_jpg.rf.350306bc7cbb16b76353d0b224e3058b.jpg,drowsy
GOPR0492_MP4-319_jpg.rf.a25ebeac90568a89c2842840130fe7df.jpg,drowsy
GOPR0492_MP4-320_jpg.rf.0c92c0e76c5a075cb2c54a8b79327d8c.jpg,drowsy
GOPR0492_MP4-320_jpg.rf.5d6d6da0f9a792a8ea995d1c4d4f9e0f.jpg,drowsy
GOPR0492_MP4-320_jpg.rf.ef597ebe320e264721592ad3025d12e1.jpg,drowsy
GOPR0492_MP4-321_jpg.rf.3b7eeebdfd19cfacd09295f0380eb560.jpg,drowsy
GOPR0492_MP4-321_jpg.rf.5268919155048e80459bb7d69265e18d.jpg,drowsy
GOPR0492_MP4-321_jpg.rf.c5d60d4685b4631cfb41c60b4523dc16.jpg,drowsy
GOPR0492_MP4-323_jpg.rf.284416106fca509881dafb7d51844aad.jpg,drowsy
GOPR0492_MP4-323_jpg.rf.8f0233bfc0a1895c6d66a00a98f1f384.jpg,drowsy
GOPR0492_MP4-323_jpg.rf.ec41d5bf76db70e205ec25e824d24c0d.jpg,drowsy
GOPR0492_MP4-324_jpg.rf.276bebba957339d5debad9e4f72a7d3d.jpg,drowsy
GOPR0492_MP4-324_jpg.rf.2a1791f35fa84e794ca9602f177e4e97.jpg,drowsy
GOPR0492_MP4-324_jpg.rf.dfc04296ee13f3e983389d29b116c88d.jpg,drowsy
GOPR0492_MP4-326_jpg.rf.7610c1ecc2cfbf43b5d22c4edb4994a4.jpg,drowsy
GOPR0492_MP4-326_jpg.rf.b105cab7649197ee0aa9df9eafd0a279.jpg,drowsy
GOPR0492_MP4-326_jpg.rf.b91ca305868438a4e01e17a4ebc4e744.jpg,drowsy
GOPR0492_MP4-327_jpg.rf.8fed8c2f51953b8dad294c6f2e739a23.jpg,drowsy
GOPR0492_MP4-327_jpg.rf.da5c071c2491f99d9e71de274c1bb7d5.jpg,drowsy
GOPR0492_MP4-327_jpg.rf.e6f4bbfe15b4f147e6b3a7addff377cc.jpg,drowsy
GOPR0492_MP4-328_jpg.rf.341a3d36fc8997da907f01693171061b.jpg,drowsy
GOPR0492_MP4-328_jpg.rf.7c76b051d7e501d908e39f3c67d506e0.jpg,drowsy
GOPR0492_MP4-328_jpg.rf.e1174ad5b98c63edc9e501f93a39f957.jpg,drowsy
GOPR0492_MP4-331_jpg.rf.729563018393a6ff49fa1b7cc43968cb.jpg,awake
GOPR0492_MP4-331_jpg.rf.b8f340b83a2039907f0013c586649b45.jpg,awake
GOPR0492_MP4-331_jpg.rf.bc738c98bd3d9d2b6345dc0f5641511e.jpg,awake
GOPR0492_MP4-332_jpg.rf.007e87fcaf75cc6dca6427078c0885fd.jpg,awake
GOPR0492_MP4-332_jpg.rf.53d9439d60863681e05ee3c7c1a66c9e.jpg,awake
GOPR0492_MP4-332_jpg.rf.8917bcf5278560591df17ca41e62844f.jpg,awake
GOPR0492_MP4-333_jpg.rf.6863d42b917771f627aaa5b4c18ec012.jpg,awake
GOPR0492_MP4-333_jpg.rf.a8a06928c63c18de4ab01ddb4e689406.jpg,awake
GOPR0492_MP4-333_jpg.rf.b4e8d91612a1efcaa1fffacf438f138c.jpg,awake
GOPR0492_MP4-334_jpg.rf.8b2bb85f4f564568ef7e20174ec055b5.jpg,awake
GOPR0492_MP4-334_jpg.rf.8eeab8b12fb27413ed8f5489e5d4eb76.jpg,awake
GOPR0492_MP4-334_jpg.rf.ec8d83bcd1e4476f4ee0d2784cb6b3c9.jpg,awake
GOPR0492_MP4-338_jpg.rf.623b6c7d78bcc95e4ecc3939cce555e9.jpg,awake
GOPR0492_MP4-338_jpg.rf.63d3fac5e992a1f6000718006c62bf58.jpg,awake
GOPR0492_MP4-338_jpg.rf.8fd0cbebe9cd4494ce10f6d3cb0dd008.jpg,awake
GOPR0492_MP4-339_jpg.rf.04b8518739fafea50e6390f48a0985ce.jpg,awake
GOPR0492_MP4-339_jpg.rf.2bff1a316501c112bd9d1b6577e7ab31.jpg,awake
GOPR0492_MP4-339_jpg.rf.dfdd767858829c3a9f00c5097178ab2d.jpg,awake
GOPR0492_MP4-342_jpg.rf.30cd6625a2385f0b087a8098c63cbf88.jpg,awake
GOPR0492_MP4-342_jpg.rf.39d21efe544ad697a0fe5f6c857db938.jpg,awake
GOPR0492_MP4-342_jpg.rf.69fb8493b735ef03af72cda5ff03851b.jpg,awake
GOPR0492_MP4-345_jpg.rf.1f75484006b2aa10c6d6ad09a5789e1f.jpg,awake
GOPR0492_MP4-345_jpg.rf.5ae0328fc9cfdb4ec5ce501ffeccdb07.jpg,awake
GOPR0492_MP4-345_jpg.rf.5beabdca4744d0c0bfcb46259012cde0.jpg,awake
GOPR0492_MP4-346_jpg.rf.2a64b95b1669a662ddda183a12472cf3.jpg,awake
GOPR0492_MP4-346_jpg.rf.35c410a562fdc97de6b3f56592dfa94d.jpg,awake
GOPR0492_MP4-346_jpg.rf.f9ff6da37f29bea509c14bee4731e349.jpg,awake
GOPR0492_MP4-347_jpg.rf.0534b0dc210135211ffd76adaca69946.jpg,awake
GOPR0492_MP4-347_jpg.rf.70b505c3df72b2f8d8d64740497beec4.jpg,awake
GOPR0492_MP4-347_jpg.rf.d1711a85b0e3a000b3ba8fb7e1c1c015.jpg,awake
GOPR0492_MP4-348_jpg.rf.1ad0ee9edfe6ec17ec111acffd461592.jpg,awake
GOPR0492_MP4-348_jpg.rf.87cc606eed60f925d5fa73417e319206.jpg,awake
GOPR0492_MP4-348_jpg.rf.e30ae7263a38555b12f6121a3ffbbd58.jpg,awake
GOPR0492_MP4-350_jpg.rf.3726fd05f6aeed332184f43f9072c4fc.jpg,awake
GOPR0492_MP4-350_jpg.rf.bc4aa509c9635c631a940dafea88f69b.jpg,awake
GOPR0492_MP4-350_jpg.rf.fedb46eea7bfa2ad0943221ffceb7c8c.jpg,awake
GOPR0492_MP4-351_jpg.rf.35bf68d803f94424e8f7967fb7464f1c.jpg,awake
GOPR0492_MP4-351_jpg.rf.a60a688680bf66ea334d176c698b48fe.jpg,awake
GOPR0492_MP4-351_jpg.rf.e4a0b658c60c476c52695bf2fdb02692.jpg,awake
GOPR0492_MP4-352_jpg.rf.2fb13afd8cce1247f03eda4686cb6b57.jpg,awake
GOPR0492_MP4-352_jpg.rf.364301f8dad79bb9c8648196215f1efc.jpg,awake
GOPR0492_MP4-352_jpg.rf.b82e2cebb6c7b5d5c6b5829a9d0a53e6.jpg,awake
GOPR0492_MP4-353_jpg.rf.9d21e7e6e1bf68a65e3e832c550249d3.jpg,awake
GOPR0492_MP4-353_jpg.rf.9eaf9b8d16daa2fd412f41a492bfd13f.jpg,awake
GOPR0492_MP4-353_jpg.rf.cdefd3d7b798fdee69f086a5b3256c15.jpg,awake
GOPR0492_MP4-355_jpg.rf.6c4be37d6af1f7c2fd9fbd9d79d96142.jpg,awake
GOPR0492_MP4-355_jpg.rf.b688aa9d96888f29d6828046261ac5f1.jpg,awake
GOPR0492_MP4-355_jpg.rf.cbbb1932571db7c4a341e15603f0bd80.jpg,awake
GOPR0492_MP4-356_jpg.rf.2a0442c62f310b1166ea3117e148812f.jpg,awake
GOPR0492_MP4-356_jpg.rf.931baec1eb43a96ed4b1bf746dc85d70.jpg,awake
GOPR0492_MP4-356_jpg.rf.b7ef0ba92d660377204255489292e33a.jpg,awake
GOPR0492_MP4-358_jpg.rf.10bd0d96437071e271190d01b079417f.jpg,awake
GOPR0492_MP4-358_jpg.rf.2bc1b02a43e734827c5eec19e606a074.jpg,awake
GOPR0492_MP4-358_jpg.rf.dac5c61d90106740e9ef09b12ff21fd7.jpg,awake
GOPR0492_MP4-359_jpg.rf.3cddf3c076fbcab2602621509c2ac518.jpg,awake
GOPR0492_MP4-359_jpg.rf.50e6679a5616d546a9534750b1b20096.jpg,awake
GOPR0492_MP4-359_jpg.rf.bee30f36b37127c0a1ed1da42d46311a.jpg,awake
GOPR0492_MP4-360_jpg.rf.27aa9ccc1587498af3ba761b5c21a5ad.jpg,awake
GOPR0492_MP4-360_jpg.rf.811cb1937b9359687eda9d11010bd444.jpg,awake
GOPR0492_MP4-360_jpg.rf.f197879c3b0343ae7bf1814a54651b16.jpg,awake
GOPR0492_MP4-363_jpg.rf.59d6f60246a0f97bc7c0b0b7f67bad32.jpg,awake
GOPR0492_MP4-363_jpg.rf.cf3270e92868a62196be694e86e2fd34.jpg,awake
GOPR0492_MP4-363_jpg.rf.cf5dbfe7270cb55ee55495dd95fa6939.jpg,awake
GOPR0492_MP4-364_jpg.rf.0a2bac97c49901e08959e2e3ee26b972.jpg,awake
GOPR0492_MP4-364_jpg.rf.9b21fc85cb7131af6714fe1d541908c3.jpg,awake
GOPR0492_MP4-364_jpg.rf.d82c270b1c1f3039f7cdc0cc7a606f2b.jpg,awake
GOPR0492_MP4-365_jpg.rf.98b6fda7a5ebe0102947330f89da692f.jpg,awake
GOPR0492_MP4-365_jpg.rf.b2d43572c78103ea9bacfe02ba002135.jpg,awake
GOPR0492_MP4-365_jpg.rf.b9c359ec63a53e92dec6aef4e1c5bab8.jpg,awake
GOPR0492_MP4-366_jpg.rf.617987c18fbecf8767c2559bc4444af3.jpg,awake
GOPR0492_MP4-366_jpg.rf.85c6ac57e136a490feae8641dc7b59a5.jpg,awake
GOPR0492_MP4-366_jpg.rf.e836152cbcf2355853ef7a45811476c1.jpg,awake
GOPR0492_MP4-368_jpg.rf.8adf1291e23b15ba7debb8b1c014ffcf.jpg,awake
GOPR0492_MP4-368_jpg.rf.8e9ab72321b8b6eda6634461286254a9.jpg,awake
GOPR0492_MP4-368_jpg.rf.db782a697f26ba16f8091b8341de3a31.jpg,awake
GOPR0492_MP4-369_jpg.rf.3b5b37f2fa594cc151a2a5c1f658f0f8.jpg,awake
GOPR0492_MP4-369_jpg.rf.96f3e09134bb4aa32b2d60485df9b480.jpg,awake
GOPR0492_MP4-369_jpg.rf.f3dd8a2ffa39447a93fb491acd11dcc5.jpg,awake
GOPR0492_MP4-370_jpg.rf.23f8a6f2986d9fc2940c96576b413328.jpg,awake
GOPR0492_MP4-370_jpg.rf.7acb3544072c4bd78cf93d6efd4ec47c.jpg,awake
GOPR0492_MP4-370_jpg.rf.eec6e2056d6c2a6fed573fefcbd74a83.jpg,awake
GOPR0492_MP4-371_jpg.rf.49d890a18e1b44ffff8845a4fe78bdcb.jpg,awake
GOPR0492_MP4-371_jpg.rf.94ebba3660cc814f2e511aaa1e33c0ea.jpg,awake
GOPR0492_MP4-371_jpg.rf.97418202e67cd3d3a53f456359bff345.jpg,awake
GOPR0492_MP4-372_jpg.rf.22880cf379a6c4f083e7242d9294274b.jpg,awake
GOPR0492_MP4-372_jpg.rf.37d74c96725e9d5a79888c1b1d73ceb8.jpg,awake
GOPR0492_MP4-372_jpg.rf.ff02bccebac76ee8ad34a2b0f4dca0af.jpg,awake
GOPR0492_MP4-373_jpg.rf.3cfe45a53cbedb618033cfafa139d27e.jpg,awake
GOPR0492_MP4-373_jpg.rf.9001e0b12239dc24e18fbcf3cd1f9121.jpg,awake
GOPR0492_MP4-373_jpg.rf.f5f433853b5b2a2d079e902188686b6f.jpg,awake
GOPR0492_MP4-375_jpg.rf.3abf47516bf8830e979c87088b42da06.jpg,awake
GOPR0492_MP4-375_jpg.rf.7066386de73f17f8c6cbf3dd3faa3bc8.jpg,awake
GOPR0492_MP4-375_jpg.rf.a23b17262784671b43ea27e90c78b6cb.jpg,awake
GOPR0492_MP4-376_jpg.rf.02c5f2d2b0b95490fefd09a1659b28af.jpg,awake
GOPR0492_MP4-376_jpg.rf.044fb8f2edc80a430b8547da8765c19c.jpg,awake
GOPR0492_MP4-376_jpg.rf.0d48afd020abf54dcfa16a1e6061280d.jpg,awake
GOPR0492_MP4-377_jpg.rf.0c4974c820d16d71eba3466168dd2a18.jpg,awake
GOPR0492_MP4-377_jpg.rf.69af68ef5f5f9899b38fc4e29dcf3ce8.jpg,awake
GOPR0492_MP4-377_jpg.rf.9932e2afe91d1cf6b3883e53a240f955.jpg,awake
GOPR0492_MP4-379_jpg.rf.33330fa07b6a359e4eb3a61387a5d1ff.jpg,awake
GOPR0492_MP4-379_jpg.rf.46dcb19ff4c6217351d1bd6f7dc5b877.jpg,awake
GOPR0492_MP4-379_jpg.rf.f047c55436d56d2493663356d71df663.jpg,awake
GOPR0492_MP4-381_jpg.rf.27667d689b0a33f7894a8d8e776840ed.jpg,awake
GOPR0492_MP4-381_jpg.rf.360e9a7d013b0ce9f4ec3e35b29fef31.jpg,awake
GOPR0492_MP4-381_jpg.rf.a9cc2c08c3c1887b66c3de3603738961.jpg,awake
GOPR0492_MP4-382_jpg.rf.062d5a9bb2ba4a695220f83bb9c8e887.jpg,awake
GOPR0492_MP4-382_jpg.rf.8d7c793c4618292af0cb50763e6ea439.jpg,awake
GOPR0492_MP4-382_jpg.rf.8dac849ca3b8f657094b088591d78c15.jpg,awake
GOPR0492_MP4-383_jpg.rf.18668d347faa76de57d1c0b1a42d0da0.jpg,awake
GOPR0492_MP4-383_jpg.rf.6af7f107beea425f3b2877ae5536cab2.jpg,awake
GOPR0492_MP4-383_jpg.rf.95d7c9fd8721feae58cca724fa3ac770.jpg,awake
GOPR0492_MP4-385_jpg.rf.0cf76a603efeb1c1cde6a65f633ffd3f.jpg,awake
GOPR0492_MP4-385_jpg.rf.6f71ac3780a4ff173286d689e84eb540.jpg,awake
GOPR0492_MP4-385_jpg.rf.cc1639cbdde8cf06e103a70593ec99ec.jpg,awake
GOPR0492_MP4-387_jpg.rf.1a7e638cc99b3298e1a5d7aca5304d56.jpg,awake
GOPR0492_MP4-387_jpg.rf.6f18929ff9d3cea688e4e745d57f7031.jpg,awake
GOPR0492_MP4-387_jpg.rf.bad68d0905a7331db9c35fd77c1ebbcb.jpg,awake
GOPR0492_MP4-390_jpg.rf.2e345d4d412caf4fcd78b5260699625f.jpg,awake
GOPR0492_MP4-390_jpg.rf.46dabe02270e2fe0caaae3f6b6bd5854.jpg,awake
GOPR0492_MP4-390_jpg.rf.b353ee9859711bdc3da435b37fc2fcf9.jpg,awake
GOPR0492_MP4-395_jpg.rf.22c1e1a68d5ff7a9ac2826d4e1e8f508.jpg,awake
GOPR0492_MP4-395_jpg.rf.31c08bc5acf4a04517945efe7ad21659.jpg,awake
GOPR0492_MP4-395_jpg.rf.e0fef7f9c2dc5c29cc92c11148b3d9f5.jpg,awake
GOPR0492_MP4-396_jpg.rf.315b9c5d3fb92fd95e20934c0b4c64c9.jpg,awake
GOPR0492_MP4-396_jpg.rf.fb8af44c51c8955b25c4d988e97c8130.jpg,awake
GOPR0492_MP4-396_jpg.rf.fc86c0a00ab159ee1877b8710c10f233.jpg,awake
GOPR0492_MP4-397_jpg.rf.8cdb2927f11fd198764f8b2fdb16d0be.jpg,awake
GOPR0492_MP4-397_jpg.rf.c20f562a9c64586c66bac93890aa7c6c.jpg,drowsy
GOPR0492_MP4-397_jpg.rf.e93f5877b201f01053d5aaf433f62731.jpg,drowsy
GOPR0492_MP4-399_jpg.rf.129a3467ac489712a766aa4823ff102e.jpg,drowsy
GOPR0492_MP4-399_jpg.rf.2974fcbeb59d82f7f8d77b5efdc0424c.jpg,drowsy
GOPR0492_MP4-399_jpg.rf.479c8d5cd6c1a32adbeead689e60a80d.jpg,drowsy
GOPR0492_MP4-401_jpg.rf.b1c71ecd1f0c5a89f0757c6209eadd4f.jpg,drowsy
GOPR0492_MP4-401_jpg.rf.caa91385b3e2ea78bbb872e0427d0ba2.jpg,drowsy
GOPR0492_MP4-401_jpg.rf.e1aef595027ff1e4c8ad6304150bfb72.jpg,drowsy
GOPR0492_MP4-403_jpg.rf.4c14fd7b7876d1cbb7fe992d16dc21ce.jpg,drowsy
GOPR0492_MP4-403_jpg.rf.74d7f38c189dd437ea59100879652d5b.jpg,drowsy
GOPR0492_MP4-403_jpg.rf.8ef57e2c22c46c741c73dad24d3cb0a7.jpg,drowsy
GOPR0492_MP4-404_jpg.rf.01bf2dc3d95ed1988f4dc5d0ef101158.jpg,drowsy
GOPR0492_MP4-404_jpg.rf.7b248073a1fc2f31ad88f092e5e95498.jpg,drowsy
GOPR0492_MP4-404_jpg.rf.e68b78dd9c17f9d341fa6ae3f2ece0f4.jpg,drowsy
GOPR0492_MP4-405_jpg.rf.583b04c5f2970a345d1296e7551ff4d9.jpg,awake
GOPR0492_MP4-405_jpg.rf.dfeba712d7d3fa1e88ebad43a49c0fac.jpg,awake
GOPR0492_MP4-405_jpg.rf.f0893180bb2c23f7cb80e9097a67f348.jpg,awake
GOPR0492_MP4-407_jpg.rf.54b66f274033366daedfb4855cf7f87b.jpg,awake
GOPR0492_MP4-407_jpg.rf.5f35c06d305d1e0351a266d7d2d91564.jpg,awake
GOPR0492_MP4-407_jpg.rf.b5239799f576d6898a43921f8de45ab6.jpg,awake
GOPR0492_MP4-408_jpg.rf.6647f71dd720cc40751c40772fc7e0d6.jpg,awake
GOPR0492_MP4-408_jpg.rf.87392f4e02b6042fbc7d56c82dc9af79.jpg,awake
GOPR0492_MP4-408_jpg.rf.8973608ddddf303c180487ee61625c96.jpg,awake
GOPR0492_MP4-410_jpg.rf.5114d63268615315ee9edf8704066afa.jpg,awake
GOPR0492_MP4-410_jpg.rf.673a312dd242f00ee66af0c58ba3b5d5.jpg,awake
GOPR0492_MP4-410_jpg.rf.6e94049ef58b2ae77924e9e57d8177bc.jpg,awake
GOPR0492_MP4-412_jpg.rf.4f644e8b0255a9b93cdf9abe0666c742.jpg,awake
GOPR0492_MP4-412_jpg.rf.664841b22f052d2dc930f833170476cb.jpg,awake
GOPR0492_MP4-412_jpg.rf.8f86c5492805a8490741bf70ed22ebe4.jpg,awake
GOPR0492_MP4-413_jpg.rf.300d3d148fecbdb5bec3f41f30ca3be3.jpg,awake
GOPR0492_MP4-413_jpg.rf.3a6c1384ad361f4980c94b8ea920bee6.jpg,awake
GOPR0492_MP4-413_jpg.rf.60b3110f1e1036489ec8647aa05bed77.jpg,awake
GOPR0492_MP4-415_jpg.rf.181a702fd02c15bceec8943599281c90.jpg,awake
GOPR0492_MP4-415_jpg.rf.8c5cbd39bc601ba53de250c6caadf97e.jpg,awake
GOPR0492_MP4-415_jpg.rf.b1200658be3f5c49562f27f811c93120.jpg,awake
GOPR0492_MP4-418_jpg.rf.08141d22118b0fd6af9007da53330f8e.jpg,awake
GOPR0492_MP4-418_jpg.rf.ba578ab04914fe1513227b1a6f4f412a.jpg,awake
GOPR0492_MP4-418_jpg.rf.d403def2c4713bf33e4ca7c10f45bfc6.jpg,awake
GOPR0492_MP4-419_jpg.rf.450602a5e614f2a238489f15dc9f7828.jpg,drowsy
GOPR0492_MP4-419_jpg.rf.d683b0ae648f79f52669067fa60d2eaa.jpg,drowsy
GOPR0492_MP4-419_jpg.rf.f0d00f5856cc8eaf211cffaeddc9a0d4.jpg,drowsy
GOPR0492_MP4-420_jpg.rf.2473e9c4eb3df9f6e181c85b90de733f.jpg,drowsy
GOPR0492_MP4-420_jpg.rf.3bbcbd2abd801daa189e98b7a01d91d7.jpg,drowsy
GOPR0492_MP4-420_jpg.rf.f93bb97c5a9e365bd21ea263b997d34f.jpg,drowsy
GOPR0492_MP4-421_jpg.rf.0049a4b0a5711382246642f4b0fc0dd0.jpg,drowsy
GOPR0492_MP4-421_jpg.rf.37ab5d0231fa9356b9ed15ccb28fefe1.jpg,drowsy
GOPR0492_MP4-421_jpg.rf.b677b40fa0712fa19e93d4de4867e0d1.jpg,drowsy
GOPR0492_MP4-422_jpg.rf.040daa7cef0deb0a194de5343220c485.jpg,drowsy
GOPR0492_MP4-422_jpg.rf.86d15b652767e21a223c23f58c457744.jpg,drowsy
GOPR0492_MP4-422_jpg.rf.ddb87d337f64e8321695c4b6e88f6f84.jpg,drowsy
GOPR0492_MP4-423_jpg.rf.5255e17344360d7738eacdd7ed6c1dd4.jpg,awake
GOPR0492_MP4-423_jpg.rf.691d51d0e735df6c4fb7b1d36af1351e.jpg,awake
GOPR0492_MP4-423_jpg.rf.ae960017814cffd63cee2ca2d9321e86.jpg,awake
GOPR0492_MP4-424_jpg.rf.730426848cd368cf1c5195d9fed39016.jpg,drowsy
GOPR0492_MP4-424_jpg.rf.bed480c198f8788c9f9258d88ef732eb.jpg,drowsy
GOPR0492_MP4-424_jpg.rf.ff82f4f50482dd859cd6ac07ac1e925d.jpg,drowsy
GOPR0492_MP4-425_jpg.rf.ab4642ec6a09d3ff0e6281857b262a69.jpg,awake
GOPR0492_MP4-425_jpg.rf.d9d6cb801bc62de34133f53ee934faea.jpg,awake
GOPR0492_MP4-425_jpg.rf.fa984d586f9f7198fd0f7e8f61ca8080.jpg,awake
GOPR0492_MP4-426_jpg.rf.84bfdd79c39f32dbd629846f6130263d.jpg,awake
GOPR0492_MP4-426_jpg.rf.e26d52af3b4e6649129166a88e6d4876.jpg,awake
GOPR0492_MP4-426_jpg.rf.f9c80ac6a20979fa373203928bad9cc8.jpg,awake
GOPR0492_MP4-427_jpg.rf.5b65344210a31e5b1c3bc66b5a7e73e3.jpg,drowsy
GOPR0492_MP4-427_jpg.rf.8ba74f9762454094cd5bfb38b99bdc68.jpg,drowsy
GOPR0492_MP4-427_jpg.rf.d58e4b4459de4adf13604e2459150fd7.jpg,drowsy
GOPR0492_MP4-428_jpg.rf.83e96da1bd1d3b59aaf706458941d0ab.jpg,awake
GOPR0492_MP4-428_jpg.rf.ad1485ca7996c3b398b7130dd985e558.jpg,awake
GOPR0492_MP4-428_jpg.rf.c8ba9a7bc98639b5c75d0d7942af0b6c.jpg,awake
GOPR0492_MP4-429_jpg.rf.17042152c1aba51e0db65431a2058945.jpg,awake
GOPR0492_MP4-429_jpg.rf.97416d7412039ecaec4e6491680496de.jpg,awake
GOPR0492_MP4-429_jpg.rf.b53e9e2d08de93327847e3139ec0628a.jpg,awake
GOPR0492_MP4-430_jpg.rf.11794eed9f95b66e3bc8bd9fd69ed88a.jpg,awake
GOPR0492_MP4-430_jpg.rf.7d3bf3b3fd96b02f8664e060bf637cc6.jpg,awake
GOPR0492_MP4-430_jpg.rf.94c3b09bfe216e16f185abd4162527ed.jpg,awake
GOPR0492_MP4-432_jpg.rf.2b395091ae5db0d8c99efd5d728e23fb.jpg,awake
GOPR0492_MP4-432_jpg.rf.94386f71f4d5ea5cadcb3f8ca156ed9a.jpg,awake
GOPR0492_MP4-432_jpg.rf.a1d82a79ceb5129a825ea70d8e3a2729.jpg,awake
GOPR0492_MP4-433_jpg.rf.1d7b56917793a7166877a32fdcb8a928.jpg,awake
GOPR0492_MP4-433_jpg.rf.2b07384aa0fa94d8e5e99c2bab2a05b1.jpg,awake
GOPR0492_MP4-433_jpg.rf.5053784a8a50227634fcf63212b011aa.jpg,awake
GOPR0492_MP4-434_jpg.rf.408ba66a7f172790f81a0747e3184f63.jpg,awake
GOPR0492_MP4-434_jpg.rf.c2d8edf8bbe81f56eef8747dcdd270b5.jpg,awake
GOPR0492_MP4-434_jpg.rf.fa20077622f964f605c4863573ffaf59.jpg,awake
GOPR0492_MP4-435_jpg.rf.1745b5aa6396e3451614330e3ca9a694.jpg,awake
GOPR0492_MP4-435_jpg.rf.d03a61bbd931960b03216c3205f91bde.jpg,awake
GOPR0492_MP4-435_jpg.rf.f77db0a1a16d68bdaa4f251d54b528f9.jpg,awake
GOPR0492_MP4-437_jpg.rf.4dabb01fa9be71965cfed5012bcdfb9f.jpg,awake
GOPR0492_MP4-437_jpg.rf.aa099d4597fa3e9fe1f7c24e1445b4e6.jpg,awake
GOPR0492_MP4-437_jpg.rf.e67cb51798b33779903bdac9277829db.jpg,awake
GOPR0492_MP4-438_jpg.rf.25cc0d30ce9ae33dcdccff803f246887.jpg,drowsy
GOPR0492_MP4-438_jpg.rf.c2eb996d3e236aa42ea45cdb6cdcb41d.jpg,drowsy
GOPR0492_MP4-438_jpg.rf.f098a1078dc54ea5c6850b4e8139ab97.jpg,drowsy
GOPR0492_MP4-439_jpg.rf.15171120ae42b01a8532a84edd87fc3f.jpg,awake
GOPR0492_MP4-439_jpg.rf.c61245428c5ea478b78be0d1dc4022fd.jpg,awake
GOPR0492_MP4-439_jpg.rf.f135548d3737fa06c08dd79177a182ed.jpg,awake
GOPR0492_MP4-441_jpg.rf.3d074c31991ad8daed7aeed9261d84dc.jpg,drowsy
GOPR0492_MP4-441_jpg.rf.87d4b81ab2eedcb652cfa3d1bafe7398.jpg,drowsy
GOPR0492_MP4-441_jpg.rf.93327fa1dc3c37b57de05a174bcfc7cf.jpg,drowsy
GOPR0492_MP4-442_jpg.rf.1bb82425ce248ce1a0fc2856690f9150.jpg,drowsy
GOPR0492_MP4-442_jpg.rf.210e7e9c97883ae14ee50d533aa6918b.jpg,drowsy
GOPR0492_MP4-442_jpg.rf.d0ce7283d336f50bd019ab3f62e57a4e.jpg,drowsy
GOPR0492_MP4-443_jpg.rf.07f116d5f317e28b57d5b9ed99f0776c.jpg,drowsy
GOPR0492_MP4-443_jpg.rf.15f802f5791d9a2d10803479d91e7943.jpg,drowsy
GOPR0492_MP4-443_jpg.rf.fc71a0f867685eb1b78d947c68fe9cfc.jpg,drowsy
GOPR0492_MP4-444_jpg.rf.1aee3ebc44624a826e791a2c56994cd9.jpg,drowsy
GOPR0492_MP4-444_jpg.rf.38976f35f57f78a96446dff2dcff09ef.jpg,drowsy
GOPR0492_MP4-444_jpg.rf.b26b7d12a1e6458ca5a252058bf15f75.jpg,drowsy
GOPR0492_MP4-445_jpg.rf.829128b185ecd880ad4b5d8e05ae3d2f.jpg,drowsy
GOPR0492_MP4-445_jpg.rf.ab37f349a0e8e637c5e95e1c7322be77.jpg,drowsy
GOPR0492_MP4-445_jpg.rf.ad60b2032f89f846178aa5bab08c558a.jpg,drowsy
GOPR0492_MP4-447_jpg.rf.10525f71d0cb12e54768119dd62d4c05.jpg,drowsy
GOPR0492_MP4-447_jpg.rf.80b73e3aefdbf38d18a58c789d25fca9.jpg,drowsy
GOPR0492_MP4-447_jpg.rf.dfab1662399f00c4a463cc4178cdf39f.jpg,drowsy
GOPR0492_MP4-448_jpg.rf.1f0ef1b9b61cc7af35753c7196b56f5e.jpg,drowsy
GOPR0492_MP4-448_jpg.rf.647f6693be05e5b5f2ff1c246d1a2fe9.jpg,drowsy
GOPR0492_MP4-448_jpg.rf.8d3107125652b375fdb33c743b3a9156.jpg,drowsy
GOPR0492_MP4-449_jpg.rf.4e7e40f66ef740249a81f63570f9776d.jpg,awake
GOPR0492_MP4-449_jpg.rf.926ba5ab301acbeec2524f8e59a8ae03.jpg,awake
GOPR0492_MP4-449_jpg.rf.9ab79a4b93b5688fd1551ce6a7c15554.jpg,awake
GOPR0492_MP4-450_jpg.rf.10be1d20fc34b5e9eb8f38fd183a787a.jpg,awake
GOPR0492_MP4-450_jpg.rf.675e8f32c994b8d5841be20a1956f6c8.jpg,awake
GOPR0492_MP4-450_jpg.rf.ceb85bdae0feb0ae5b05bc453c8370a1.jpg,awake
GOPR0492_MP4-452_jpg.rf.155c5aa7ffe5d67957884e1bed4e5a69.jpg,awake
GOPR0492_MP4-452_jpg.rf.39e8a89d5c0ee3a0e4584e2663d8881b.jpg,awake
GOPR0492_MP4-452_jpg.rf.d577f1e0a6217452e7e463705591d9aa.jpg,awake
GOPR0492_MP4-453_jpg.rf.7e2941a01222ddc9a2f4284269175091.jpg,awake
GOPR0492_MP4-453_jpg.rf.d5470e80c8e142de3ffd870d3ba28e5d.jpg,awake
GOPR0492_MP4-453_jpg.rf.e64aff7b58bc34f60dc29fba397ec534.jpg,awake
GOPR0492_MP4-455_jpg.rf.278da99720864ba3b1993ed493bebee1.jpg,awake
GOPR0492_MP4-455_jpg.rf.481c76cb394bb49e1923a66ffb173e60.jpg,awake
GOPR0492_MP4-455_jpg.rf.b3eccc32b4d35232ccb2108512ef57cd.jpg,awake
GOPR0492_MP4-457_jpg.rf.1568e8e31797f5e1ea12b11b3935b6fb.jpg,awake
GOPR0492_MP4-457_jpg.rf.2ad4dc974ff5a2e9ad0aa48cba4b638a.jpg,awake
GOPR0492_MP4-457_jpg.rf.bb0c28934fbf260727d41aa5b0042908.jpg,awake
GOPR0492_MP4-458_jpg.rf.46a1d1b19b9a3d2342b3f2ba2b779420.jpg,drowsy
GOPR0492_MP4-458_jpg.rf.4b43c9ec038ad98c9ecc00da4ae00fce.jpg,drowsy
GOPR0492_MP4-458_jpg.rf.a0764d8a337194fdbb9ba3bee5226aad.jpg,drowsy
GOPR0492_MP4-459_jpg.rf.0eb4515c9d938d953883478848ffeb25.jpg,awake
GOPR0492_MP4-459_jpg.rf.484f5aebcecb915c7a66820662c848fa.jpg,awake
GOPR0492_MP4-459_jpg.rf.d514a15ebab89ae88a1e1e0cca971a3f.jpg,awake
GOPR0492_MP4-460_jpg.rf.119a6ca15ef462e0f14fc9cf90447a1f.jpg,awake
GOPR0492_MP4-460_jpg.rf.a1c04d5ee81dd39783bbe7964160e114.jpg,awake
GOPR0492_MP4-460_jpg.rf.c9a54b8a12ac23a5395261ae14210639.jpg,awake
GOPR0492_MP4-461_jpg.rf.1d28ea488c49051104c1e68bd4519c87.jpg,awake
GOPR0492_MP4-461_jpg.rf.742f296defd2beaac9e2e1fce9480781.jpg,awake
GOPR0492_MP4-461_jpg.rf.a013494bd4aab4871430be8e2fa4e294.jpg,awake
GOPR0492_MP4-462_jpg.rf.8484d003056c4e85c06a9e57dfed2748.jpg,awake
GOPR0492_MP4-462_jpg.rf.cd56d5163ad65a883e985529f043df4e.jpg,awake
GOPR0492_MP4-462_jpg.rf.f286b5158cb2e332395286acec5369e8.jpg,awake
GOPR0492_MP4-463_jpg.rf.613400024bdcc6503c38cf35b13c90e9.jpg,awake
GOPR0492_MP4-463_jpg.rf.a3fce5a403eac59015f6562bfdfbe2ac.jpg,awake
GOPR0492_MP4-463_jpg.rf.e80f530c1da636204c5931c3d083ba00.jpg,awake
GOPR0492_MP4-465_jpg.rf.0af832413c5525d6655f62a66a7c7b01.jpg,awake
GOPR0492_MP4-465_jpg.rf.6a485df47903b0aa08529199113aa227.jpg,awake
GOPR0492_MP4-465_jpg.rf.84aeeb850e57e8726389c8489cf3780d.jpg,awake
GOPR0492_MP4-466_jpg.rf.5feb7cfd6632bcf5a014141f95ff879c.jpg,awake
GOPR0492_MP4-466_jpg.rf.759d809ad4b010905e8ec9f68cd84c26.jpg,awake
GOPR0492_MP4-466_jpg.rf.d0a37844a5a9d263b08c2ea8a61141c6.jpg,awake
GOPR0492_MP4-468_jpg.rf.3b9df7523dcfeb63672619cfb3d48e1a.jpg,awake
GOPR0492_MP4-468_jpg.rf.a5a3188159b5de7ff8d26f25d2bb9935.jpg,awake
GOPR0492_MP4-468_jpg.rf.dfdc6b888068875e11e20e5696921c43.jpg,awake
GOPR0492_MP4-469_jpg.rf.27c85a792862718d6f18df8e797008f8.jpg,awake
GOPR0492_MP4-469_jpg.rf.60ecf22b50ca5f07e0974c4bb3ccff84.jpg,awake
GOPR0492_MP4-469_jpg.rf.76aeed3dc1f4020fb35ffb9a8c923128.jpg,awake
GOPR0492_MP4-470_jpg.rf.02a3b658c36f2ab976ce8464d05c02bb.jpg,awake
GOPR0492_MP4-470_jpg.rf.387905a598535d565f2b16fcfc03c41e.jpg,awake
GOPR0492_MP4-470_jpg.rf.9e09e0a94f612c96a9985f7cb4481d9a.jpg,awake
GOPR0492_MP4-472_jpg.rf.32f7821f951b78b8a288de6b0aa76e80.jpg,awake
GOPR0492_MP4-472_jpg.rf.9d0e1aa319bf12dccb5d33087f46ae4d.jpg,awake
GOPR0492_MP4-472_jpg.rf.b2d9afb957d7011595f0b59ad666ff18.jpg,awake
GOPR0492_MP4-473_jpg.rf.b9a2f1ac3f38e41f7df1e705b2c2e1de.jpg,awake
GOPR0492_MP4-473_jpg.rf.c2184a779a62ca187505d9451dfe0931.jpg,awake
GOPR0492_MP4-473_jpg.rf.f2eb5b84b8aa80272dc42b29fbe9f9a8.jpg,awake
GOPR0492_MP4-474_jpg.rf.057358727c78a1ed1412fa1340b3600c.jpg,awake
GOPR0492_MP4-474_jpg.rf.4a4c95cbe8220dbfa3b6a158927e7a68.jpg,awake
GOPR0492_MP4-474_jpg.rf.597771e027ca8fbef10f382a4cb4268b.jpg,awake
GOPR0492_MP4-475_jpg.rf.08e2e4ba27467128f909cb28fbbe505f.jpg,awake
GOPR0492_MP4-475_jpg.rf.ac65535b9760e9e95f8ef7f449c230a4.jpg,awake
GOPR0492_MP4-475_jpg.rf.f38131a1739c72f103ce9b54a58a9445.jpg,awake
GOPR0492_MP4-476_jpg.rf.496f7ec127030563abf984dd72d74df3.jpg,awake
GOPR0492_MP4-476_jpg.rf.747e3c23d0d52ceea92e924228942d2c.jpg,awake
GOPR0492_MP4-476_jpg.rf.c9c6c896e16726d85791bbaac17168d9.jpg,awake
GOPR0492_MP4-477_jpg.rf.913daf78ddca23f13807a4cf20a12e65.jpg,awake
GOPR0492_MP4-477_jpg.rf.d0466a2b35822823133ecb7c2392b013.jpg,awake
GOPR0492_MP4-477_jpg.rf.f8611fb877f77639c315ec0efed83a95.jpg,awake
GOPR0492_MP4-478_jpg.rf.5286abdcb87a89c1e16f1a6231e299bb.jpg,awake
GOPR0492_MP4-478_jpg.rf.75e05526bc20e5a819ed7598c145b3f3.jpg,awake
GOPR0492_MP4-478_jpg.rf.efe598fe2fca197623fa4f4a4d695325.jpg,awake
GOPR0492_MP4-480_jpg.rf.3770ee4d6a7bff72609a707d781728c7.jpg,awake
GOPR0492_MP4-480_jpg.rf.66b88f8a20d0a117c9fabcad20f4a0b3.jpg,awake
GOPR0492_MP4-480_jpg.rf.d9021b995363f66b737ce62c953be3ad.jpg,awake
GOPR0492_MP4-484_jpg.rf.5e90b60d5836f7289aaf8d7476456efb.jpg,drowsy
GOPR0492_MP4-484_jpg.rf.ca5ca6c3bab997000423b63d56f4ab23.jpg,drowsy
GOPR0492_MP4-484_jpg.rf.e73dd519981c915630891779c1d218f6.jpg,drowsy
GOPR0492_MP4-485_jpg.rf.1d1bc23530501b0041fd0f2c4a971167.jpg,awake
GOPR0492_MP4-485_jpg.rf.1e077ee9db483d5cda9fce656537c674.jpg,awake
GOPR0492_MP4-485_jpg.rf.bd84465a2eac8a8a30472b0a3619771e.jpg,awake
GOPR0492_MP4-487_jpg.rf.8d8499b21ea0d66909669bda18407913.jpg,awake
GOPR0492_MP4-487_jpg.rf.916f7f8594880818e682dc1c44189f61.jpg,awake
GOPR0492_MP4-487_jpg.rf.bd4343eb006a1e990460e9285afb5f37.jpg,awake
GOPR0492_MP4-488_jpg.rf.5d97c6b6695ff945c5b417c4b3d8ae03.jpg,awake
GOPR0492_MP4-488_jpg.rf.dab82149eed63759618b9070c40e8c06.jpg,awake
GOPR0492_MP4-488_jpg.rf.e977ad9e533bf0acf98934db7a2f981b.jpg,awake
GOPR0492_MP4-491_jpg.rf.150c191177f1226a7efa3b4c078775f5.jpg,awake
GOPR0492_MP4-491_jpg.rf.36f002a5deb0818687cc1cbd3cbfa4d1.jpg,awake
GOPR0492_MP4-491_jpg.rf.d0e3c7f0d7c9f53a19e3c6d7ccf23409.jpg,awake
GOPR0492_MP4-492_jpg.rf.67af129c3afb3042a57e77dcdd13e8b6.jpg,awake
GOPR0492_MP4-492_jpg.rf.a2632d17e4e1de230ba428586378dcab.jpg,awake
GOPR0492_MP4-492_jpg.rf.db28769416d2eabc1e2896ced61b8c5b.jpg,awake
GOPR0492_MP4-493_jpg.rf.46dfff5afa446bf321288331fe344b6a.jpg,awake
GOPR0492_MP4-493_jpg.rf.70f98ac33a71cf9d7c7662138b32979e.jpg,awake
GOPR0492_MP4-493_jpg.rf.7910dd97fc6464ec189e1155b3916848.jpg,awake
GOPR0492_MP4-497_jpg.rf.21e73e69549a002cd7ad912859328b30.jpg,awake
GOPR0492_MP4-497_jpg.rf.3537d37346317b6f54e738605b5fd20b.jpg,awake
GOPR0492_MP4-497_jpg.rf.75ba2a1aed56c902a37442dd29b45d56.jpg,awake
GOPR0492_MP4-498_jpg.rf.3fe5f7b2c16b8efaf41bee2a193212cb.jpg,awake
GOPR0492_MP4-498_jpg.rf.70b20e6fdd698322794250bc711fb91d.jpg,awake
GOPR0492_MP4-498_jpg.rf.ab2115ad5f8f40361999fc7d083c9343.jpg,awake
GOPR0492_MP4-500_jpg.rf.7874d9a0e465d63021568b0afa78d38d.jpg,awake
GOPR0492_MP4-500_jpg.rf.a5e0eb422941d45bf3ff70c105d9c689.jpg,awake
GOPR0492_MP4-500_jpg.rf.b79aec54b3a077b2fd4988ede12816aa.jpg,awake
GOPR0492_MP4-505_jpg.rf.23016369c9cb55f50f986a3feb0a72bc.jpg,awake
GOPR0492_MP4-505_jpg.rf.9f9ead4ed83229618db441f7100c3336.jpg,awake
GOPR0492_MP4-505_jpg.rf.cfa0f17f6fc130006406517db922386d.jpg,awake
GOPR0492_MP4-508_jpg.rf.640583acf4d0475d2f9c4918823891c0.jpg,awake
GOPR0492_MP4-508_jpg.rf.d13d11d1b1191f9231fda8d93a1b1a51.jpg,awake
GOPR0492_MP4-508_jpg.rf.e174a38d1a728a2fef4a9702225babf7.jpg,awake
GOPR0492_MP4-509_jpg.rf.0e0b62f004096dea5d0a43ca22911458.jpg,awake
GOPR0492_MP4-509_jpg.rf.b65ef6cc34ac3184fe1cd440b155e183.jpg,awake
GOPR0492_MP4-509_jpg.rf.e5936b5cfcfe72f06f1f9ca18599a205.jpg,awake
GOPR0492_MP4-511_jpg.rf.4e62f4295ba8cd59d56a61e5acc68d83.jpg,awake
GOPR0492_MP4-511_jpg.rf.a2e3494533da8cecfc0cade5be92e44b.jpg,awake
GOPR0492_MP4-511_jpg.rf.dad3c51ce85bc4d3cc0e42c39f8784f3.jpg,awake
GOPR0492_MP4-513_jpg.rf.6a0b44192819ceb54f3c8806b6c91b2d.jpg,awake
GOPR0492_MP4-513_jpg.rf.db786edc908d55e3206646cf0250e4c3.jpg,awake
GOPR0492_MP4-513_jpg.rf.de5bec0110fd3bad5d86925c2e8b81a8.jpg,awake
GOPR0492_MP4-515_jpg.rf.202c0d3bd28fe99e6017ac68823c6384.jpg,awake
GOPR0492_MP4-515_jpg.rf.6c13ec2d001c1a1948e18084f82732d1.jpg,awake
GOPR0492_MP4-515_jpg.rf.fb1e463b81c28a5c2e471bc9416c9ac1.jpg,awake
GOPR0492_MP4-520_jpg.rf.63d37a6c1c72b083f9f63631c5fb4f2c.jpg,drowsy
GOPR0492_MP4-520_jpg.rf.bcf23f3a83e11eea4faad5117ecf6a72.jpg,drowsy
GOPR0492_MP4-520_jpg.rf.fca43854b32fcc9f4e58172513046901.jpg,drowsy
GOPR0492_MP4-521_jpg.rf.badff3261f27ede2d5896a171011f911.jpg,awake
GOPR0492_MP4-521_jpg.rf.d21efa50759fd6123163b314ae4c8e20.jpg,awake
GOPR0492_MP4-521_jpg.rf.df48c7875ef1471f48a2831bedc1ea4f.jpg,awake
GOPR0492_MP4-522_jpg.rf.0887862f71c194dfcdb4c8e5e806fc11.jpg,awake
GOPR0492_MP4-522_jpg.rf.8bc3c8bb22d28db26ead30178d13ca5f.jpg,awake
GOPR0492_MP4-522_jpg.rf.bec3870886cc980a4705d3979d25d367.jpg,awake
GOPR0492_MP4-524_jpg.rf.336f547b780fb90cfcdaf5830a3f8095.jpg,awake
GOPR0492_MP4-524_jpg.rf.3b3caddaa3c885538b9ab30d83a3ba12.jpg,awake
GOPR0492_MP4-524_jpg.rf.4b5ca524ccdc0732624ccafd72c9b1c3.jpg,awake
GOPR0492_MP4-526_jpg.rf.52e6cee2eeff679419e103f7d68c57f7.jpg,awake
GOPR0492_MP4-526_jpg.rf.9070ae735f1621ebe450a666143ac695.jpg,awake
GOPR0492_MP4-526_jpg.rf.f11601288a37fe1172fb6421b8268bfe.jpg,awake
GOPR0492_MP4-528_jpg.rf.1b3319a0410680b15a134064a4e587b5.jpg,awake
GOPR0492_MP4-528_jpg.rf.39c403e71d4083be33724d96cc1d5e49.jpg,awake
GOPR0492_MP4-528_jpg.rf.6da45ea20cb52f5642b25d7af5209fab.jpg,awake
GOPR0492_MP4-529_jpg.rf.6bcdf17988e8a82f6482a79995322bd4.jpg,awake
GOPR0492_MP4-529_jpg.rf.ffd9942c0d0f79ac8132c10fd1646937.jpg,awake
GOPR0492_MP4-529_jpg.rf.fffa442286a838b5486da8d7e066fb54.jpg,awake
GOPR0492_MP4-530_jpg.rf.23dfd2858f14d646622907338ead0f5b.jpg,drowsy
GOPR0492_MP4-530_jpg.rf.e10d72166fb7314f0cd891fa53a90943.jpg,drowsy
GOPR0492_MP4-530_jpg.rf.fa0c2477d044838c1e86a634644d3dcc.jpg,drowsy
GOPR0492_MP4-531_jpg.rf.1313428da734a78a5010fe2f63271093.jpg,drowsy
GOPR0492_MP4-531_jpg.rf.3989e5417b34bb0625e5bb994a11a106.jpg,drowsy
GOPR0492_MP4-531_jpg.rf.3d7300b0b44c0a1c26e53ccba8ee6b24.jpg,drowsy
GOPR0492_MP4-532_jpg.rf.29a09837770e69469ad5e76a31afe448.jpg,drowsy
GOPR0492_MP4-532_jpg.rf.d56b025553e59f67a3910ca33a702744.jpg,drowsy
GOPR0492_MP4-532_jpg.rf.d98f6c3f69daea7c334aa9be314024ed.jpg,drowsy
GOPR0492_MP4-533_jpg.rf.13e0526f4b595484926ac821cbad526a.jpg,awake
GOPR0492_MP4-533_jpg.rf.301c774d03691566b090148702e20945.jpg,awake
GOPR0492_MP4-533_jpg.rf.40b52a4ddd68af4e5b8b0b49509c275e.jpg,awake
